insert into "student" (student_id, current_occupent, first_name, last_name, penelty_points) values (1, true, 'Tudor', 'Bagworth', 4);
insert into "student" (student_id, current_occupent, first_name, last_name, penelty_points) values (2, true, 'Layla', 'Connor', 0);
insert into "student" (student_id, current_occupent, first_name, last_name, penelty_points) values (3, false, 'Addie', 'Deval', 0);
insert into "student" (student_id, current_occupent, first_name, last_name, penelty_points) values (4, false, 'Ardelia', 'Sunderland', 5);
insert into "student" (student_id, current_occupent, first_name, last_name, penelty_points) values (5, false, 'Clayson', 'Surgen', 0);
insert into "student" (student_id, current_occupent, first_name, last_name, penelty_points) values (6, true, 'Loutitia', 'Balk', 1);
insert into "student" (student_id, current_occupent, first_name, last_name, penelty_points) values (7, true, 'Zaccaria', 'Varcoe', 2);
insert into "student" (student_id, current_occupent, first_name, last_name, penelty_points) values (8, true, 'Terry', 'Hackney', 5);
insert into "student" (student_id, current_occupent, first_name, last_name, penelty_points) values (9, false, 'Jacqui', 'Vine', 5);
insert into "student" (student_id, current_occupent, first_name, last_name, penelty_points) values (10, true, 'Bink', 'Colliber', 2);

insert into "building" (building_id, name, address, number, location) values (1, 'Rau and Sons', '77451 Sachs Drive', 12, 4);
insert into "building" (building_id, name, address, number, location) values (2, 'D''Amore-Ryan', '721 Briar Crest Lane', 3, 3);
insert into "building" (building_id, name, address, number, location) values (3, 'Schmeler, Jacobs and Langworth', '6 Macpherson Trail', 5, 3);
insert into "building" (building_id, name, address, number, location) values (4, 'Block LLC', '1645 Washington Park', 8, 5);
insert into "building" (building_id, name, address, number, location) values (5, 'Hintz, Hilll and Murphy', '9858 Lake View Park', 13, 5);
insert into "building" (building_id, name, address, number, location) values (6, 'Goyette, Cormier and Koepp', '66480 Sheridan Alley', 7, 5);
insert into "building" (building_id, name, address, number, location) values (7, 'Halvorson-Hodkiewicz', '074 Kedzie Place', 6, 3);
insert into "building" (building_id, name, address, number, location) values (8, 'Beatty-DuBuque', '4080 Texas Avenue', 4, 1);
insert into "building" (building_id, name, address, number, location) values (9, 'Rosenbaum Inc', '23 Warbler Crossing', 11, 4);
insert into "building" (building_id, name, address, number, location) values (10, 'Hagenes-McGlynn', '19056 Grayhawk Plaza', 9, 4);

insert into "washing_machine" (washing_machine_id, status, floor_bumber, building_id) values (1, true, 8, 3);
insert into "washing_machine" (washing_machine_id, status, floor_bumber, building_id) values (2, true, 5, 6);
insert into "washing_machine" (washing_machine_id, status, floor_bumber, building_id) values (3, true, 8, 8);
insert into "washing_machine" (washing_machine_id, status, floor_bumber, building_id) values (4, true, 2, 6);
insert into "washing_machine" (washing_machine_id, status, floor_bumber, building_id) values (5, true, 4, 8);
insert into "washing_machine" (washing_machine_id, status, floor_bumber, building_id) values (6, true, 2, 10);
insert into "washing_machine" (washing_machine_id, status, floor_bumber, building_id) values (7, true, 3, 1);
insert into "washing_machine" (washing_machine_id, status, floor_bumber, building_id) values (8, true, 9, 3);
insert into "washing_machine" (washing_machine_id, status, floor_bumber, building_id) values (9, false, 4, 2);
insert into "washing_machine" (washing_machine_id, status, floor_bumber, building_id) values (10, false, 3, 2);
insert into "washing_machine" (washing_machine_id, status, floor_bumber, building_id) values (11, true, 9, 1);
insert into "washing_machine" (washing_machine_id, status, floor_bumber, building_id) values (12, false, 6, 1);
insert into "washing_machine" (washing_machine_id, status, floor_bumber, building_id) values (13, false, 4, 10);
insert into "washing_machine" (washing_machine_id, status, floor_bumber, building_id) values (14, true, 5, 4);
insert into "washing_machine" (washing_machine_id, status, floor_bumber, building_id) values (15, true, 9, 7);
insert into "washing_machine" (washing_machine_id, status, floor_bumber, building_id) values (16, false, 2, 7);
insert into "washing_machine" (washing_machine_id, status, floor_bumber, building_id) values (17, false, 7, 9);
insert into "washing_machine" (washing_machine_id, status, floor_bumber, building_id) values (18, false, 5, 6);
insert into "washing_machine" (washing_machine_id, status, floor_bumber, building_id) values (19, true, 7, 4);
insert into "washing_machine" (washing_machine_id, status, floor_bumber, building_id) values (20, false, 4, 6);

insert into "room" (room_id, number, building_id) values (1, 332, 10);
insert into "room" (room_id, number, building_id) values (2, 472, 1);
insert into "room" (room_id, number, building_id) values (3, 250, 7);
insert into "room" (room_id, number, building_id) values (4, 290, 9);
insert into "room" (room_id, number, building_id) values (5, 487, 10);
insert into "room" (room_id, number, building_id) values (6, 401, 4);
insert into "room" (room_id, number, building_id) values (7, 380, 8);
insert into "room" (room_id, number, building_id) values (8, 349, 10);
insert into "room" (room_id, number, building_id) values (9, 351, 6);
insert into "room" (room_id, number, building_id) values (10, 449, 8);
insert into "room" (room_id, number, building_id) values (11, 413, 8);
insert into "room" (room_id, number, building_id) values (12, 280, 1);
insert into "room" (room_id, number, building_id) values (13, 335, 5);
insert into "room" (room_id, number, building_id) values (14, 410, 4);
insert into "room" (room_id, number, building_id) values (15, 339, 3);
insert into "room" (room_id, number, building_id) values (16, 314, 4);
insert into "room" (room_id, number, building_id) values (17, 311, 10);
insert into "room" (room_id, number, building_id) values (18, 214, 8);
insert into "room" (room_id, number, building_id) values (19, 491, 2);
insert into "room" (room_id, number, building_id) values (20, 323, 7);

insert into "room_history" (student_id, room_id, start_date, end_date) values (1, 1, '4/20/2021', '10/29/2021');
insert into "room_history" (student_id, room_id, start_date, end_date) values (2, 2, '7/12/2021', null);
insert into "room_history" (student_id, room_id, start_date, end_date) values (3, 3, '7/1/2021', null);
insert into "room_history" (student_id, room_id, start_date, end_date) values (4, 4, '7/10/2021', null);
insert into "room_history" (student_id, room_id, start_date, end_date) values (5, 5, '7/16/2021', null);
insert into "room_history" (student_id, room_id, start_date, end_date) values (6, 6, '1/21/2021', '10/30/2021');
insert into "room_history" (student_id, room_id, start_date, end_date) values (7, 7, '1/15/2021', null);
insert into "room_history" (student_id, room_id, start_date, end_date) values (8, 8, '9/7/2021', null);
insert into "room_history" (student_id, room_id, start_date, end_date) values (9, 9, '1/7/2021', null);
insert into "room_history" (student_id, room_id, start_date, end_date) values (10, 10, '5/19/2021', null);
insert into "room_history" (student_id, room_id, start_date, end_date) values (1, 11, '5/7/2021', null);
insert into "room_history" (student_id, room_id, start_date, end_date) values (2, 12, '11/30/2020', '10/22/2021');
insert into "room_history" (student_id, room_id, start_date, end_date) values (6, 13, '6/28/2021', null);

insert into "key" (key_id, student_id, return_status, washing_machine_id) values (1, null, true, 1);
insert into "key" (key_id, student_id, return_status, washing_machine_id) values (2, null, true, 2);
insert into "key" (key_id, student_id, return_status, washing_machine_id) values (3, null, true, 3);
insert into "key" (key_id, student_id, return_status, washing_machine_id) values (4, null, true, 4);